reference;query;
overcast-reference/rear/1417176931569229.jpg;night/rear/1418235495228830.jpg;
overcast-reference/rear/1417178378365346.jpg;night/rear/1418236873666413.jpg;
overcast-reference/rear/1417177002195498.jpg;night/rear/1418235556492571.jpg;
overcast-reference/rear/1417176931114669.jpg;night/rear/1418235494865258.jpg;
overcast-reference/rear/1417176932296376.jpg;night/rear/1418235495865113.jpg;
overcast-reference/rear/1417177479764479.jpg;night/rear/1418236140135508.jpg;
overcast-reference/rear/1417177274338954.jpg;night/rear/1418235915077033.jpg;
overcast-reference/rear/1417177821807282.jpg;night/rear/1418236399734472.jpg;
overcast-reference/rear/1417176788044026.jpg;night/rear/1418235382517822.jpg;
overcast-reference/rear/1417178552704464.jpg;night/rear/1418237077637177.jpg;
overcast-reference/rear/1417178799760626.jpg;night/rear/1418236081325750.jpg;
overcast-reference/rear/1417178029141715.jpg;night/rear/1418236779407182.jpg;
overcast-reference/rear/1417177529666569.jpg;night/rear/1418236201853853.jpg;
overcast-reference/rear/1417176787862176.jpg;night/rear/1418235382426961.jpg;
overcast-reference/rear/1417177820625573.jpg;night/rear/1418236397916484.jpg;
overcast-reference/rear/1417178788943896.jpg;night/rear/1418235315073133.jpg;
overcast-reference/rear/1417177002559198.jpg;night/rear/1418235557128853.jpg;
overcast-reference/rear/1417177822170855.jpg;night/rear/1418236400552479.jpg;
overcast-reference/rear/1417178202753665.jpg;night/rear/1418236872848280.jpg;
overcast-reference/rear/1417176966927858.jpg;night/rear/1418235528224044.jpg;
overcast-reference/rear/1417178640146676.jpg;night/rear/1418237137628583.jpg;
overcast-reference/rear/1417178029141715.jpg;night/rear/1418236779043608.jpg;
overcast-reference/rear/1417177478492034.jpg;night/rear/1418236138772080.jpg;
overcast-reference/rear/1417177529484844.jpg;night/rear/1418236201399294.jpg;
overcast-reference/rear/1417177630834182.jpg;night/rear/1418236318291572.jpg;
overcast-reference/rear/1417178013689267.jpg;night/rear/1418236793132463.jpg;
overcast-reference/rear/1417177197167969.jpg;night/rear/1418235783277975.jpg;
overcast-reference/rear/1417177002559198.jpg;night/rear/1418235556765281.jpg;
overcast-reference/rear/1417176954656841.jpg;night/rear/1418235515771225.jpg;
overcast-reference/rear/1417177612382159.jpg;night/rear/1418236302293874.jpg;
overcast-reference/rear/1417177506488087.jpg;night/rear/1418236165040914.jpg;
overcast-reference/rear/1417178012144110.jpg;night/rear/1418236793314187.jpg;
overcast-reference/rear/1417178012144110.jpg;night/rear/1418236793405174.jpg;
overcast-reference/rear/1417178638510531.jpg;night/rear/1418237136810450.jpg;
overcast-reference/rear/1417177440133693.jpg;night/rear/1418237365141375.jpg;
overcast-reference/rear/1417178379183355.jpg;night/rear/1418236873120991.jpg;
overcast-reference/rear/1417177273066383.jpg;night/rear/1418235914349887.jpg;
overcast-reference/rear/1417176798588035.jpg;night/rear/1418235392334645.jpg;
overcast-reference/rear/1417177002559198.jpg;night/rear/1418235557583412.jpg;
overcast-reference/rear/1417176981834751.jpg;night/rear/1418235541767456.jpg;
overcast-reference/rear/1417177426135663.jpg;night/rear/1418236098777852.jpg;
overcast-reference/rear/1417177612745734.jpg;night/rear/1418236302657448.jpg;
overcast-reference/rear/1417178742677768.jpg;night/rear/1418237214435706.jpg;
overcast-reference/rear/1417178551977192.jpg;night/rear/1418237077000893.jpg;
overcast-reference/rear/1417176798951608.jpg;night/rear/1418235392425507.jpg;
overcast-reference/rear/1417176954838565.jpg;night/rear/1418235516225784.jpg;
overcast-reference/rear/1417178552159041.jpg;night/rear/1418237077182616.jpg;
overcast-reference/rear/1417177820807423.jpg;night/rear/1418236398280057.jpg;
overcast-reference/rear/1417176799224195.jpg;night/rear/1418235392970928.jpg;
overcast-reference/rear/1417177404684192.jpg;night/rear/1418236080598604.jpg;
overcast-reference/rear/1417178468443558.jpg;night/rear/1418236947110384.jpg;
overcast-reference/rear/1417178788671309.jpg;night/rear/1418235314800423.jpg;
overcast-reference/rear/1417178640419388.jpg;night/rear/1418237138083018.jpg;
overcast-reference/rear/1417177425681231.jpg;night/rear/1418237347598512.jpg;
overcast-reference/rear/1417177129632128.jpg;night/rear/1418235694745291.jpg;
overcast-reference/rear/1417177506033525.jpg;night/rear/1418236164768328.jpg;
overcast-reference/rear/1417178379637791.jpg;night/rear/1418236874484419.jpg;
overcast-reference/rear/1417177426135663.jpg;night/rear/1418237348143809.jpg;
overcast-reference/rear/1417176953929694.jpg;night/rear/1418235515680362.jpg;
overcast-reference/rear/1417178698774813.jpg;night/rear/1418237183894580.jpg;
overcast-reference/rear/1417176799315182.jpg;night/rear/1418235392880066.jpg;
overcast-reference/rear/1417176981562165.jpg;night/rear/1418235541222160.jpg;
overcast-reference/rear/1417176788589450.jpg;night/rear/1418235382790533.jpg;
overcast-reference/rear/1417176967564143.jpg;night/rear/1418235528496629.jpg;
overcast-reference/rear/1417177505579091.jpg;night/rear/1418236164313781.jpg;
overcast-reference/rear/1417176787771315.jpg;night/rear/1418235381972526.jpg;
overcast-reference/rear/1417178816031090.jpg;night/rear/1418237348325658.jpg;
overcast-reference/rear/1417176908481490.jpg;night/rear/1418235471504896.jpg;
overcast-reference/rear/1417177425681231.jpg;night/rear/1418237347416663.jpg;
overcast-reference/rear/1417176908299767.jpg;night/rear/1418235471414037.jpg;
overcast-reference/rear/1417177563207341.jpg;night/rear/1418236250210505.jpg;
overcast-reference/rear/1417177630197900.jpg;night/rear/1418236317564426.jpg;
overcast-reference/rear/1417177478673758.jpg;night/rear/1418236139590085.jpg;
overcast-reference/rear/1417178589880990.jpg;night/rear/1418237093089463.jpg;
overcast-reference/rear/1417177069186036.jpg;night/rear/1418235630300125.jpg;
overcast-reference/rear/1417178590062837.jpg;night/rear/1418237092725889.jpg;
overcast-reference/rear/1417178468988856.jpg;night/rear/1418236948928248.jpg;
overcast-reference/rear/1417176953929694.jpg;night/rear/1418235515316791.jpg;
overcast-reference/rear/1417177564025349.jpg;night/rear/1418236251119500.jpg;
overcast-reference/rear/1417177578841512.jpg;night/rear/1418236271934625.jpg;
overcast-reference/rear/1417177506942523.jpg;night/rear/1418236165313624.jpg;
overcast-reference/rear/1417176954656841.jpg;night/rear/1418235515953074.jpg;
overcast-reference/rear/1417177197804255.jpg;night/rear/1418235783823396.jpg;
overcast-reference/rear/1417177593657549.jpg;night/rear/1418236285569035.jpg;
overcast-reference/rear/1417176697238632.jpg;night/rear/1418235315436705.jpg;
overcast-reference/rear/1417178698138526.jpg;night/rear/1418237183712856.jpg;
overcast-reference/rear/1417177578932373.jpg;night/rear/1418236272025487.jpg;
overcast-reference/rear/1417178268380812.jpg;night/rear/1418236854123715.jpg;
overcast-reference/rear/1417177441042689.jpg;night/rear/1418236112139550.jpg;
overcast-reference/rear/1417176930932944.jpg;night/rear/1418235494683409.jpg;
overcast-reference/rear/1417177273702669.jpg;night/rear/1418235914622598.jpg;
overcast-reference/rear/1417177478673758.jpg;night/rear/1418236139226514.jpg;
overcast-reference/rear/1417178698956538.jpg;night/rear/1418237184258154.jpg;
overcast-reference/rear/1417177068731601.jpg;night/rear/1418235629936552.jpg;
overcast-reference/rear/1417177611564151.jpg;night/rear/1418236301657592.jpg;
overcast-reference/rear/1417177405502327.jpg;night/rear/1418237316148390.jpg;
overcast-reference/rear/1417178634511093.jpg;night/rear/1418237136628725.jpg;
overcast-reference/rear/1417176919389076.jpg;night/rear/1418235482230717.jpg;
overcast-reference/rear/1417177528484986.jpg;night/rear/1418236200308576.jpg;
overcast-reference/rear/1417177404684192.jpg;night/rear/1418237315421244.jpg;
overcast-reference/rear/1417178468443558.jpg;night/rear/1418236946837673.jpg;
overcast-reference/rear/1417177028919098.jpg;night/rear/1418235576489672.jpg;
overcast-reference/rear/1417176920298070.jpg;night/rear/1418235482867000.jpg;
overcast-reference/rear/1417176616159252.jpg;night/rear/1418235254718303.jpg;
overcast-reference/rear/1417176982016599.jpg;night/rear/1418235541313022.jpg;
overcast-reference/rear/1417178789671168.jpg;night/rear/1418237289243118.jpg;
overcast-reference/rear/1417177425863079.jpg;night/rear/1418236098505141.jpg;
overcast-reference/rear/1417176615522966.jpg;night/rear/1418235254263869.jpg;
overcast-reference/rear/1417177821807282.jpg;night/rear/1418236400007058.jpg;
overcast-reference/rear/1417177405593189.jpg;night/rear/1418237316784674.jpg;
overcast-reference/rear/1417178110948331.jpg;night/rear/1418236872302859.jpg;
overcast-reference/rear/1417177578568801.jpg;night/rear/1418236271480191.jpg;
overcast-reference/rear/1417178853843903.jpg;night/rear/1418237391683076.jpg;
overcast-reference/rear/1417178550977332.jpg;night/rear/1418237075910049.jpg;
overcast-reference/rear/1417176615613953.jpg;night/rear/1418235254172883.jpg;
overcast-reference/rear/1417177646831928.jpg;night/rear/1418236333471261.jpg;
overcast-reference/rear/1417176967564143.jpg;night/rear/1418235528769340.jpg;
overcast-reference/rear/1417177000377631.jpg;night/rear/1418235555129143.jpg;
overcast-reference/rear/1417177185260648.jpg;night/rear/1418235771825133.jpg;
overcast-reference/rear/1417178552159041.jpg;night/rear/1418236418368038.jpg;
overcast-reference/rear/1417177631015907.jpg;night/rear/1418236318382434.jpg;
overcast-reference/rear/1417178698956538.jpg;night/rear/1418237184349140.jpg;
overcast-reference/rear/1417177646468357.jpg;night/rear/1418236333107688.jpg;
overcast-reference/rear/1417177594566544.jpg;night/rear/1418236286478030.jpg;
overcast-reference/rear/1417177578568801.jpg;night/rear/1418236271661914.jpg;
overcast-reference/rear/1417177593293975.jpg;night/rear/1418236285478173.jpg;
overcast-reference/rear/1417177439679257.jpg;night/rear/1418237364777801.jpg;
overcast-reference/rear/1417176798497047.jpg;night/rear/1418235392061935.jpg;
overcast-reference/rear/1417177612564008.jpg;night/rear/1418236302475725.jpg;
overcast-reference/rear/1417178853480330.jpg;night/rear/1418237391319503.jpg;
overcast-reference/rear/1417177167626763.jpg;night/rear/1418235758554303.jpg;
overcast-reference/rear/1417177274338954.jpg;night/rear/1418235914895309.jpg;
overcast-reference/rear/1417177612745734.jpg;night/rear/1418236302748435.jpg;
overcast-reference/rear/1417178268835248.jpg;night/rear/1418236854305437.jpg;
overcast-reference/rear/1417178379637791.jpg;night/rear/1418236874757131.jpg;
overcast-reference/rear/1417177441042689.jpg;night/rear/1418237366050370.jpg;
overcast-reference/rear/1417177298426431.jpg;night/rear/1418235936255845.jpg;
overcast-reference/rear/1417177197258957.jpg;night/rear/1418235783096127.jpg;
overcast-reference/rear/1417178468988856.jpg;night/rear/1418236977196946.jpg;
overcast-reference/rear/1417178698047666.jpg;night/rear/1418237183531008.jpg;
overcast-reference/rear/1417176799224195.jpg;night/rear/1418235392789079.jpg;
overcast-reference/rear/1417177166626905.jpg;night/rear/1418235757554448.jpg;
overcast-reference/rear/1417177405229614.jpg;night/rear/1418237315875678.jpg;
overcast-reference/rear/1417178468988856.jpg;night/rear/1418236954200243.jpg;
overcast-reference/rear/1417177427044663.jpg;night/rear/1418236099323151.jpg;
overcast-reference/rear/1417177300062573.jpg;night/rear/1418235938709990.jpg;
overcast-reference/rear/1417178551977192.jpg;night/rear/1418236418095455.jpg;
overcast-reference/rear/1417178269198821.jpg;night/rear/1418236854487288.jpg;
overcast-reference/rear/1417176919298212.jpg;night/rear/1418235481867144.jpg;
overcast-reference/rear/1417176967836729.jpg;night/rear/1418235528951187.jpg;
overcast-reference/rear/1417178011416962.jpg;night/rear/1418236792950612.jpg;
overcast-reference/rear/1417177197804255.jpg;night/rear/1418235783732410.jpg;
overcast-reference/rear/1417176907572621.jpg;night/rear/1418235470868740.jpg;
overcast-reference/rear/1417178815758378.jpg;night/rear/1418237347962085.jpg;
overcast-reference/rear/1417177439861106.jpg;night/rear/1418236111412279.jpg;
overcast-reference/rear/1417176697238632.jpg;night/rear/1418235315527567.jpg;
overcast-reference/rear/1417178693230093.jpg;night/rear/1418236779588905.jpg;
overcast-reference/rear/1417178378365346.jpg;night/rear/1418236873393703.jpg;
overcast-reference/rear/1417178551522755.jpg;night/rear/1418236417731883.jpg;
overcast-reference/rear/1417178590062837.jpg;night/rear/1418237092998601.jpg;
overcast-reference/rear/1417177647377229.jpg;night/rear/1418236333743971.jpg;
overcast-reference/rear/1417177630016049.jpg;night/rear/1418236317473564.jpg;
overcast-reference/rear/1417178589880990.jpg;night/rear/1418237093634885.jpg;
overcast-reference/rear/1417178742768633.jpg;night/rear/1418237214162993.jpg;
overcast-reference/rear/1417178789671168.jpg;night/rear/1418237286243547.jpg;
overcast-reference/rear/1417176967382293.jpg;night/rear/1418235528314906.jpg;
overcast-reference/rear/1417176587799648.jpg;night/rear/1418235224086397.jpg;
overcast-reference/rear/1417177129086705.jpg;night/rear/1418235694290856.jpg;
overcast-reference/rear/1417178789671168.jpg;night/rear/1418237292151826.jpg;
overcast-reference/rear/1417177426044803.jpg;night/rear/1418237347780236.jpg;
overcast-reference/rear/1417177185442373.jpg;night/rear/1418235772006856.jpg;
overcast-reference/rear/1417177439679257.jpg;night/rear/1418236111139694.jpg;
overcast-reference/rear/1417178552431753.jpg;night/rear/1418237077455328.jpg;
overcast-reference/rear/1417176587708788.jpg;night/rear/1418235223904674.jpg;
overcast-reference/rear/1417177426862938.jpg;night/rear/1418236099232288.jpg;
overcast-reference/rear/1417177507124248.jpg;night/rear/1418236165495474.jpg;
overcast-reference/rear/1417178698047666.jpg;night/rear/1418237183258295.jpg;
overcast-reference/rear/1417177197440681.jpg;night/rear/1418235783459697.jpg;
overcast-reference/rear/1417177029737108.jpg;night/rear/1418235577125955.jpg;
overcast-reference/rear/1417178789398457.jpg;night/rear/1418237267246268.jpg;
overcast-reference/rear/1417177129086705.jpg;night/rear/1418235693836422.jpg;
overcast-reference/rear/1417177278701964.jpg;night/rear/1418236778589048.jpg;
overcast-reference/rear/1417177441042689.jpg;night/rear/1418236112048561.jpg;
overcast-reference/rear/1417177300335286.jpg;night/rear/1418235938982700.jpg;
overcast-reference/rear/1417176932296376.jpg;night/rear/1418235495683264.jpg;
overcast-reference/rear/1417177440497390.jpg;night/rear/1418237365686798.jpg;
overcast-reference/rear/1417177426771950.jpg;night/rear/1418237348689229.jpg;
overcast-reference/rear/1417177274338954.jpg;night/rear/1418235914804447.jpg;
overcast-reference/rear/1417178589880990.jpg;night/rear/1418237092907615.jpg;
overcast-reference/rear/1417176919298212.jpg;night/rear/1418235482048868.jpg;
overcast-reference/rear/1417177198076966.jpg;night/rear/1418235784005120.jpg;
overcast-reference/rear/1417177029918958.jpg;night/rear/1418235576762383.jpg;
overcast-reference/rear/1417178799669764.jpg;night/rear/1418236081416612.jpg;
overcast-reference/rear/1417178204480672.jpg;night/rear/1418236872575569.jpg;
overcast-reference/rear/1417178550977332.jpg;night/rear/1418237076091898.jpg;
overcast-reference/rear/1417177578568801.jpg;night/rear/1418236271752899.jpg;
overcast-reference/rear/1417176953929694.jpg;night/rear/1418235515498516.jpg;
overcast-reference/rear/1417177298790004.jpg;night/rear/1418235937164838.jpg;
overcast-reference/rear/1417177478673758.jpg;night/rear/1418236138953803.jpg;
overcast-reference/rear/1417177439951967.jpg;night/rear/1418236111321418.jpg;
overcast-reference/rear/1417178816212816.jpg;night/rear/1418236099050440.jpg;
overcast-reference/rear/1417177439861106.jpg;night/rear/1418237364959651.jpg;
overcast-reference/rear/1417178379183355.jpg;night/rear/1418236874211710.jpg;
overcast-reference/rear/1417176696784198.jpg;night/rear/1418235315345844.jpg;
overcast-reference/rear/1417177029918958.jpg;night/rear/1418235577035092.jpg;
overcast-reference/rear/1417176588072361.jpg;night/rear/1418235224177259.jpg;
overcast-reference/rear/1417177529484844.jpg;night/rear/1418236201672004.jpg;
overcast-reference/rear/1417177613200295.jpg;night/rear/1418236302930159.jpg;
overcast-reference/rear/1417176933023523.jpg;night/rear/1418235496410409.jpg;
overcast-reference/rear/1417176983198183.jpg;night/rear/1418235542222015.jpg;
overcast-reference/rear/1417177505579091.jpg;night/rear/1418236164041058.jpg;
overcast-reference/rear/1417177272884659.jpg;night/rear/1418235914077178.jpg;
overcast-reference/rear/1417176907845206.jpg;night/rear/1418235471141326.jpg;
overcast-reference/rear/1417178550522897.jpg;night/rear/1418236416913750.jpg;
overcast-reference/rear/1417177579205086.jpg;night/rear/1418236272207334.jpg;
overcast-reference/rear/1417178639328666.jpg;night/rear/1418237137264885.jpg;
overcast-reference/rear/1417178029141715.jpg;night/rear/1418236779498043.jpg;
overcast-reference/rear/1417177647377229.jpg;night/rear/1418236333925695.jpg;
overcast-reference/rear/1417177198076966.jpg;night/rear/1418235783914258.jpg;
overcast-reference/rear/1417177426135663.jpg;night/rear/1418236098868716.jpg;
overcast-reference/rear/1417178010144391.jpg;night/rear/1418236792859751.jpg;
overcast-reference/rear/1417177001468352.jpg;night/rear/1418235555947275.jpg;
overcast-reference/rear/1417177166990477.jpg;night/rear/1418235758099743.jpg;
overcast-reference/rear/1417176616068390.jpg;night/rear/1418235254536454.jpg;
overcast-reference/rear/1417178550522897.jpg;night/rear/1418237075728326.jpg;
overcast-reference/rear/1417176954838565.jpg;night/rear/1418235516316646.jpg;
overcast-reference/rear/1417178551159180.jpg;night/rear/1418236417459172.jpg;
overcast-reference/rear/1417177578296089.jpg;night/rear/1418236271389204.jpg;
overcast-reference/rear/1417176787862176.jpg;night/rear/1418235382336098.jpg;
overcast-reference/rear/1417178742495919.jpg;night/rear/1418237214072133.jpg;
overcast-reference/rear/1417177440315542.jpg;night/rear/1418237365504948.jpg;
overcast-reference/rear/1417177505760814.jpg;night/rear/1418236164495618.jpg;
overcast-reference/rear/1417177030282531.jpg;night/rear/1418235577216941.jpg;
overcast-reference/rear/1417177505124529.jpg;night/rear/1418236163586624.jpg;
overcast-reference/rear/1417177166990477.jpg;night/rear/1418235757827158.jpg;
overcast-reference/rear/1417177426771950.jpg;night/rear/1418237348507382.jpg;
overcast-reference/rear/1417177579114100.jpg;night/rear/1418236272389060.jpg;
overcast-reference/rear/1417177425681231.jpg;night/rear/1418236098414156.jpg;
overcast-reference/rear/1417177630379624.jpg;night/rear/1418236318018857.jpg;
overcast-reference/rear/1417178550977332.jpg;night/rear/1418236417095599.jpg;
overcast-reference/rear/1417178854116616.jpg;night/rear/1418237391864798.jpg;
overcast-reference/rear/1417177000377631.jpg;night/rear/1418235555674563.jpg;
overcast-reference/rear/1417177068731601.jpg;night/rear/1418235629754704.jpg;
overcast-reference/rear/1417177128904980.jpg;night/rear/1418235693563712.jpg;
overcast-reference/rear/1417177299062714.jpg;night/rear/1418235937619272.jpg;
overcast-reference/rear/1417177272430097.jpg;night/rear/1418235913986315.jpg;
overcast-reference/rear/1417176981380315.jpg;night/rear/1418235541131173.jpg;
overcast-reference/rear/1417177611564151.jpg;night/rear/1418236301839442.jpg;
overcast-reference/rear/1417176788407600.jpg;night/rear/1418235382699669.jpg;
overcast-reference/rear/1417178028959868.jpg;night/rear/1418236779134470.jpg;
overcast-reference/rear/1417177630197900.jpg;night/rear/1418236317746275.jpg;
overcast-reference/rear/1417177505306378.jpg;night/rear/1418236163768472.jpg;
overcast-reference/rear/1417176587254227.jpg;night/rear/1418235223450115.jpg;
overcast-reference/rear/1417177439679257.jpg;night/rear/1418237364596079.jpg;
overcast-reference/rear/1417178639328666.jpg;night/rear/1418237137446734.jpg;
overcast-reference/rear/1417177028555524.jpg;night/rear/1418235576580659.jpg;
overcast-reference/rear/1417177405774913.jpg;night/rear/1418236081689322.jpg;
overcast-reference/rear/1417178551704603.jpg;night/rear/1418237076546334.jpg;
overcast-reference/rear/1417178639601252.jpg;night/rear/1418237137810307.jpg;
overcast-reference/rear/1417176615250256.jpg;night/rear/1418235253718447.jpg;
overcast-reference/rear/1417178551522755.jpg;night/rear/1418237076364610.jpg;
overcast-reference/rear/1417177647740803.jpg;night/rear/1418236334107544.jpg;
overcast-reference/rear/1417177068368027.jpg;night/rear/1418235629391132.jpg;
overcast-reference/rear/1417178468625282.jpg;night/rear/1418236947473956.jpg;
overcast-reference/rear/1417176919661788.jpg;night/rear/1418235482412440.jpg;
overcast-reference/rear/1417178799397053.jpg;night/rear/1418237315693955.jpg;
overcast-reference/rear/1417176981743889.jpg;night/rear/1418235541585732.jpg;
overcast-reference/rear/1417178550977332.jpg;night/rear/1418236417277323.jpg;
overcast-reference/rear/1417177648104376.jpg;night/rear/1418236334743827.jpg;
overcast-reference/rear/1417177480764339.jpg;night/rear/1418236140589941.jpg;
overcast-reference/rear/1417177630197900.jpg;night/rear/1418236317837135.jpg;
overcast-reference/rear/1417177479310042.jpg;night/rear/1418236139862798.jpg;
overcast-reference/rear/1417176696511485.jpg;night/rear/1418235315163995.jpg;
overcast-reference/rear/1417177563570915.jpg;night/rear/1418236250392228.jpg;
overcast-reference/rear/1417178011962261.jpg;night/rear/1418236793586898.jpg;
overcast-reference/rear/1417177089455924.jpg;night/rear/1418235655660076.jpg;
overcast-reference/rear/1417178799487915.jpg;night/rear/1418236080962178.jpg;
overcast-reference/rear/1417177647740803.jpg;night/rear/1418236334471117.jpg;
overcast-reference/rear/1417176931296517.jpg;night/rear/1418235495046982.jpg;
overcast-reference/rear/1417177068549876.jpg;night/rear/1418235629572980.jpg;
overcast-reference/rear/1417177000104920.jpg;night/rear/1418235555310992.jpg;
overcast-reference/rear/1417177440679116.jpg;night/rear/1418236111775977.jpg;
overcast-reference/rear/1417177299789863.jpg;night/rear/1418235938437277.jpg;
overcast-reference/rear/1417177068186179.jpg;night/rear/1418235629209408.jpg;
overcast-reference/rear/1417177301153296.jpg;night/rear/1418235939709845.jpg;
overcast-reference/rear/1417178588335832.jpg;night/rear/1418237093271188.jpg;
overcast-reference/rear/1417177612109449.jpg;night/rear/1418236302021165.jpg;
overcast-reference/rear/1417178699229248.jpg;night/rear/1418237184530865.jpg;
overcast-reference/rear/1417177301335145.jpg;night/rear/1418235939891694.jpg;
overcast-reference/rear/1417178742859493.jpg;night/rear/1418237214344844.jpg;
overcast-reference/rear/1417176787862176.jpg;night/rear/1418235382154250.jpg;
overcast-reference/rear/1417177405774913.jpg;night/rear/1418237317057383.jpg;
overcast-reference/rear/1417177529666569.jpg;night/rear/1418236202126563.jpg;
overcast-reference/rear/1417177611564151.jpg;night/rear/1418236301566729.jpg;
overcast-reference/rear/1417176919389076.jpg;night/rear/1418235482321578.jpg;
overcast-reference/rear/1417176983198183.jpg;night/rear/1418235542040166.jpg;
overcast-reference/rear/1417177594384697.jpg;night/rear/1418236286296181.jpg;
overcast-reference/rear/1417177528666710.jpg;night/rear/1418236200763136.jpg;
overcast-reference/rear/1417178789125745.jpg;night/rear/1418237266791833.jpg;
overcast-reference/rear/1417176966927858.jpg;night/rear/1418235528133057.jpg;
overcast-reference/rear/1417178788943896.jpg;night/rear/1418235314982271.jpg;
overcast-reference/rear/1417177000377631.jpg;night/rear/1418235555492715.jpg;
overcast-reference/rear/1417176982198325.jpg;night/rear/1418235541494744.jpg;
overcast-reference/rear/1417177529121146.jpg;night/rear/1418236200944859.jpg;
overcast-reference/rear/1417177029737108.jpg;night/rear/1418235576853369.jpg;
overcast-reference/rear/1417176954838565.jpg;night/rear/1418235516043936.jpg;
overcast-reference/rear/1417178589880990.jpg;night/rear/1418237092635029.jpg;
overcast-reference/rear/1417177528666710.jpg;night/rear/1418236200490425.jpg;
overcast-reference/rear/1417178789489319.jpg;night/rear/1418237267882551.jpg;
overcast-reference/rear/1417177129086705.jpg;night/rear/1418235694018146.jpg;
overcast-reference/rear/1417177593293975.jpg;night/rear/1418236285296325.jpg;
overcast-reference/rear/1417178638510531.jpg;night/rear/1418237136992299.jpg;
overcast-reference/rear/1417178551704603.jpg;night/rear/1418237076728182.jpg;
overcast-reference/rear/1417178589880990.jpg;night/rear/1418237093362174.jpg;
overcast-reference/rear/1417177273157245.jpg;night/rear/1418235914531737.jpg;
overcast-reference/rear/1417176931750953.jpg;night/rear/1418235495410554.jpg;
overcast-reference/rear/1417178696229669.jpg;night/rear/1418236779770755.jpg;
overcast-reference/rear/1417176787862176.jpg;night/rear/1418235382063388.jpg;
overcast-reference/rear/1417177479764479.jpg;night/rear/1418236140317232.jpg;
overcast-reference/rear/1417177646468357.jpg;night/rear/1418236332925839.jpg;
overcast-reference/rear/1417178854025754.jpg;night/rear/1418237391773937.jpg;
overcast-reference/rear/1417178853753043.jpg;night/rear/1418237391410365.jpg;
overcast-reference/rear/1417176798588035.jpg;night/rear/1418235392243782.jpg;
overcast-reference/rear/1417177166626905.jpg;night/rear/1418235757099889.jpg;
overcast-reference/rear/1417177593930260.jpg;night/rear/1418236285841746.jpg;
overcast-reference/rear/1417176787862176.jpg;night/rear/1418235382245237.jpg;
overcast-reference/rear/1417177405593189.jpg;night/rear/1418237316602950.jpg;
overcast-reference/rear/1417177405502327.jpg;night/rear/1418237316330239.jpg;
overcast-reference/rear/1417177405774913.jpg;night/rear/1418236081598460.jpg;
overcast-reference/rear/1417176787862176.jpg;night/rear/1418235382608807.jpg;
overcast-reference/rear/1417176907481634.jpg;night/rear/1418235470777754.jpg;
overcast-reference/rear/1417178639055954.jpg;night/rear/1418237137083159.jpg;
overcast-reference/rear/1417176919843510.jpg;night/rear/1418235482776012.jpg;
overcast-reference/rear/1417177646831928.jpg;night/rear/1418236333289412.jpg;
overcast-reference/rear/1417176932296376.jpg;night/rear/1418235496137699.jpg;
overcast-reference/rear/1417177506942523.jpg;night/rear/1418236165768184.jpg;
overcast-reference/rear/1417178698774813.jpg;night/rear/1418237184076430.jpg;
overcast-reference/rear/1417177426135663.jpg;night/rear/1418236098596005.jpg;
overcast-reference/rear/1417176587254227.jpg;night/rear/1418235223540977.jpg;
overcast-reference/rear/1417177279247386.jpg;night/rear/1418236778770898.jpg;
overcast-reference/rear/1417178699229248.jpg;night/rear/1418237184712714.jpg;
overcast-reference/rear/1417178378819782.jpg;night/rear/1418236873938999.jpg;
overcast-reference/rear/1417177440497390.jpg;night/rear/1418237365868521.jpg;
overcast-reference/rear/1417177322423044.jpg;night/rear/1418235759372310.jpg;
overcast-reference/rear/1417178468716269.jpg;night/rear/1418236947928390.jpg;
overcast-reference/rear/1417176967564143.jpg;night/rear/1418235528678479.jpg;
overcast-reference/rear/1417176615250256.jpg;night/rear/1418235253627586.jpg;
overcast-reference/rear/1417178853843903.jpg;night/rear/1418237391501227.jpg;
overcast-reference/rear/1417176919389076.jpg;night/rear/1418235481958006.jpg;
overcast-reference/rear/1417177167626763.jpg;night/rear/1418235758372455.jpg;
overcast-reference/rear/1417176967564143.jpg;night/rear/1418235528587617.jpg;
overcast-reference/rear/1417178789671168.jpg;night/rear/1418237295242259.jpg;
overcast-reference/rear/1417176907572621.jpg;night/rear/1418235470959602.jpg;
overcast-reference/rear/1417177563025492.jpg;night/rear/1418236249756070.jpg;
overcast-reference/rear/1417176908208780.jpg;night/rear/1418235471323174.jpg;
overcast-reference/rear/1417178551704603.jpg;night/rear/1418236417913606.jpg;
overcast-reference/rear/1417176968109438.jpg;night/rear/1418235529042050.jpg;
overcast-reference/rear/1417176587526938.jpg;night/rear/1418235223813687.jpg;
overcast-reference/rear/1417176799224195.jpg;night/rear/1418235392607355.jpg;
overcast-reference/rear/1417177478492034.jpg;night/rear/1418236138590232.jpg;
overcast-reference/rear/1417177185805946.jpg;night/rear/1418235772097719.jpg;
overcast-reference/rear/1417176907572621.jpg;night/rear/1418235471050464.jpg;
overcast-reference/rear/1417178799397053.jpg;night/rear/1418236080871316.jpg;
overcast-reference/rear/1417177647740803.jpg;night/rear/1418236334289267.jpg;
overcast-reference/rear/1417176616068390.jpg;night/rear/1418235254445593.jpg;
overcast-reference/rear/1417177299426286.jpg;night/rear/1418235938073707.jpg;
overcast-reference/rear/1417177166626905.jpg;night/rear/1418235757281738.jpg;
overcast-reference/rear/1417176982380174.jpg;night/rear/1418235542131027.jpg;
overcast-reference/rear/1417177529302995.jpg;night/rear/1418236201217570.jpg;
overcast-reference/rear/1417177630379624.jpg;night/rear/1418236318109847.jpg;
overcast-reference/rear/1417176919843510.jpg;night/rear/1418235482503302.jpg;
overcast-reference/rear/1417176982380174.jpg;night/rear/1418235541858442.jpg;
overcast-reference/rear/1417177168535760.jpg;night/rear/1418235759099599.jpg;
overcast-reference/rear/1417176587163363.jpg;night/rear/1418235223631964.jpg;
overcast-reference/rear/1417177479128194.jpg;night/rear/1418236139408238.jpg;
overcast-reference/rear/1417178028959868.jpg;night/rear/1418236779225333.jpg;
overcast-reference/rear/1417177440315542.jpg;night/rear/1418236111594128.jpg;
overcast-reference/rear/1417177185260648.jpg;night/rear/1418235771734146.jpg;
overcast-reference/rear/1417177300880709.jpg;night/rear/1418235939528121.jpg;
overcast-reference/rear/1417178742859493.jpg;night/rear/1418237214253857.jpg;
overcast-reference/rear/1417177440133693.jpg;night/rear/1418237365323225.jpg;
overcast-reference/rear/1417177197258957.jpg;night/rear/1418235783368837.jpg;
overcast-reference/rear/1417178698047666.jpg;night/rear/1418237183349284.jpg;
overcast-reference/rear/1417176615341243.jpg;night/rear/1418235253991157.jpg;
overcast-reference/rear/1417178854116616.jpg;night/rear/1418237392046649.jpg;
overcast-reference/rear/1417177579205086.jpg;night/rear/1418236272298197.jpg;
overcast-reference/rear/1417178853571193.jpg;night/rear/1418237391137654.jpg;
overcast-reference/rear/1417177631288621.jpg;night/rear/1418236318564280.jpg;
overcast-reference/rear/1417177821443708.jpg;night/rear/1418236399370775.jpg;
overcast-reference/rear/1417178589880990.jpg;night/rear/1418237093543898.jpg;
overcast-reference/rear/1417177405956761.jpg;night/rear/1418237317239109.jpg;
overcast-reference/rear/1417178640419388.jpg;night/rear/1418237137901169.jpg;
overcast-reference/rear/1417177563843623.jpg;night/rear/1418236250846789.jpg;
overcast-reference/rear/1417177594202969.jpg;night/rear/1418236286114457.jpg;
overcast-reference/rear/1417176907481634.jpg;night/rear/1418235470596029.jpg;
overcast-reference/rear/1417177278883812.jpg;night/rear/1418236778861760.jpg;
overcast-reference/rear/1417177168172061.jpg;night/rear/1418235758827014.jpg;
overcast-reference/rear/1417178788943896.jpg;night/rear/1418237266155549.jpg;
overcast-reference/rear/1417177562752781.jpg;night/rear/1418236249301512.jpg;
overcast-reference/rear/1417177197531668.jpg;night/rear/1418235783550686.jpg;
overcast-reference/rear/1417177300335286.jpg;night/rear/1418235939255411.jpg;
overcast-reference/rear/1417176919661788.jpg;night/rear/1418235482685151.jpg;
overcast-reference/rear/1417177405138627.jpg;night/rear/1418236081053039.jpg;
overcast-reference/rear/1417177029100823.jpg;night/rear/1418235576398810.jpg;
overcast-reference/rear/1417176697693194.jpg;night/rear/1418235315709416.jpg;
overcast-reference/rear/1417177821807282.jpg;night/rear/1418236400279769.jpg;
overcast-reference/rear/1417178552159041.jpg;night/rear/1418236418186317.jpg;
overcast-reference/rear/1417177593748412.jpg;night/rear/1418236285750884.jpg;
overcast-reference/rear/1417177089910486.jpg;night/rear/1418235655932787.jpg;
overcast-reference/rear/1417177440679116.jpg;night/rear/1418236111866839.jpg;
overcast-reference/rear/1417177089455924.jpg;night/rear/1418235655387366.jpg;
overcast-reference/rear/1417178799669764.jpg;night/rear/1418236081234888.jpg;
overcast-reference/rear/1417178789671168.jpg;night/rear/1418237268882408.jpg;
overcast-reference/rear/1417178799124341.jpg;night/rear/1418236080689467.jpg;
overcast-reference/rear/1417176615250256.jpg;night/rear/1418235253900295.jpg;
overcast-reference/rear/1417178854116616.jpg;night/rear/1418237392228371.jpg;
overcast-reference/rear/1417177273339096.jpg;night/rear/1418235914259025.jpg;
overcast-reference/rear/1417177129086705.jpg;night/rear/1418235694472580.jpg;
overcast-reference/rear/1417177563207341.jpg;night/rear/1418236249937795.jpg;
overcast-reference/rear/1417176697874919.jpg;night/rear/1418235315800278.jpg;
overcast-reference/rear/1417177069186036.jpg;night/rear/1418235630118276.jpg;
overcast-reference/rear/1417178012234971.jpg;night/rear/1418236793677884.jpg;
overcast-reference/rear/1417177563661777.jpg;night/rear/1418236250664940.jpg;
overcast-reference/rear/1417178854116616.jpg;night/rear/1418237392137511.jpg;
overcast-reference/rear/1417178550522897.jpg;night/rear/1418236416641040.jpg;
overcast-reference/rear/1417176587981499.jpg;night/rear/1418235224268246.jpg;
overcast-reference/rear/1417177593930260.jpg;night/rear/1418236286023470.jpg;
overcast-reference/rear/1417177612109449.jpg;night/rear/1418236302112152.jpg;
overcast-reference/rear/1417178789125745.jpg;night/rear/1418237266428260.jpg;
overcast-reference/rear/1417177562934629.jpg;night/rear/1418236249483361.jpg;
overcast-reference/rear/1417177426317517.jpg;night/rear/1418236098959590.jpg;
overcast-reference/rear/1417177820989146.jpg;night/rear/1418236398643629.jpg;
overcast-reference/rear/1417176798769759.jpg;night/rear/1418235392516369.jpg;
overcast-reference/rear/1417177821443708.jpg;night/rear/1418236399007202.jpg;
overcast-reference/rear/1417176798588035.jpg;night/rear/1418235392152797.jpg;
overcast-reference/rear/1417176933477957.jpg;night/rear/1418235496683119.jpg;
overcast-reference/rear/1417177631015907.jpg;night/rear/1418236318655144.jpg;
overcast-reference/rear/1417177002195498.jpg;night/rear/1418235556219985.jpg;
overcast-reference/rear/1417177301335145.jpg;night-rain/rear/1418840932579879.jpg;
overcast-reference/rear/1417178789671168.jpg;night-rain/rear/1418842033569222.jpg;
overcast-reference/rear/1417176616341101.jpg;night-rain/rear/1418840421143149.jpg;
overcast-reference/rear/1417177631197759.jpg;night-rain/rear/1418841296035032.jpg;
overcast-reference/rear/1417177440679116.jpg;night-rain/rear/1418841111557785.jpg;
overcast-reference/rear/1417177300880709.jpg;night-rain/rear/1418840932079941.jpg;
overcast-reference/rear/1417177478492034.jpg;night-rain/rear/1418841152302758.jpg;
overcast-reference/rear/1417178639055954.jpg;night-rain/rear/1418841889836903.jpg;
overcast-reference/rear/1417176981743889.jpg;night-rain/rear/1418840689234953.jpg;
overcast-reference/rear/1417177441042689.jpg;night-rain/rear/1418842097311386.jpg;
overcast-reference/rear/1417177426317517.jpg;night-rain/rear/1418841098934343.jpg;
overcast-reference/rear/1417177001468352.jpg;night-rain/rear/1418840702983254.jpg;
overcast-reference/rear/1417177647013655.jpg;night-rain/rear/1418841311033182.jpg;
overcast-reference/rear/1417178468625282.jpg;night-rain/rear/1418841708609206.jpg;
overcast-reference/rear/1417177593930260.jpg;night-rain/rear/1418841262664147.jpg;
overcast-reference/rear/1417176982198325.jpg;night-rain/rear/1418840690109846.jpg;
overcast-reference/rear/1417177821625432.jpg;night-rain/rear/1418841346903761.jpg;
overcast-reference/rear/1417178698047666.jpg;night-rain/rear/1418841950454446.jpg;
overcast-reference/rear/1417177273702669.jpg;night-rain/rear/1418840909457733.jpg;
overcast-reference/rear/1417177579114100.jpg;night-rain/rear/1418841246916088.jpg;
overcast-reference/rear/1417177426317517.jpg;night-rain/rear/1418842082813168.jpg;
overcast-reference/rear/1417177505760814.jpg;night-rain/rear/1418841181174197.jpg;
overcast-reference/rear/1417176981834751.jpg;night-rain/rear/1418840689359938.jpg;
overcast-reference/rear/1417177000559481.jpg;night-rain/rear/1418840702608300.jpg;
overcast-reference/rear/1417177440315542.jpg;night-rain/rear/1418842096811446.jpg;
overcast-reference/rear/1417178029141715.jpg;night-rain/rear/1418841594998194.jpg;
overcast-reference/rear/1417176982016599.jpg;night-rain/rear/1418840689734892.jpg;
overcast-reference/rear/1417177613200295.jpg;night-rain/rear/1418841280411958.jpg;
overcast-reference/rear/1417177529484844.jpg;night-rain/rear/1418841202671545.jpg;
overcast-reference/rear/1417177405774913.jpg;night-rain/rear/1418841082561363.jpg;
overcast-reference/rear/1417176798951608.jpg;night-rain/rear/1418840545752709.jpg;
overcast-reference/rear/1417176967473155.jpg;night-rain/rear/1418840677361422.jpg;
overcast-reference/rear/1417178789671168.jpg;night-rain/rear/1418842033319253.jpg;
overcast-reference/rear/1417176587526938.jpg;night-rain/rear/1418840406644947.jpg;
overcast-reference/rear/1417178551977192.jpg;night-rain/rear/1418841824719916.jpg;
overcast-reference/rear/1417178698502101.jpg;night-rain/rear/1418841950829400.jpg;
overcast-reference/rear/1417177563661777.jpg;night-rain/rear/1418841231917938.jpg;
overcast-reference/rear/1417177948971126.jpg;night-rain/rear/1418841391023323.jpg;
overcast-reference/rear/1417176907845206.jpg;night-rain/rear/1418840624992902.jpg;
overcast-reference/rear/1417176919389076.jpg;night-rain/rear/1418840636991417.jpg;
overcast-reference/rear/1417177197622528.jpg;night-rain/rear/1418840842091058.jpg;
overcast-reference/rear/1417177198076966.jpg;night-rain/rear/1418840842341027.jpg;
overcast-reference/rear/1417176908481490.jpg;night-rain/rear/1418840625867793.jpg;
overcast-reference/rear/1417178552431753.jpg;night-rain/rear/1418841825219855.jpg;
overcast-reference/rear/1417177298790004.jpg;night-rain/rear/1418840930455141.jpg;
overcast-reference/rear/1417177089910486.jpg;night-rain/rear/1418840762975836.jpg;
overcast-reference/rear/1417176587708788.jpg;night-rain/rear/1418840407144884.jpg;
overcast-reference/rear/1417177563207341.jpg;night-rain/rear/1418841231542984.jpg;
overcast-reference/rear/1417178467988996.jpg;night-rain/rear/1418841707859299.jpg;
overcast-reference/rear/1417178379637791.jpg;night-rain/rear/1418841677987976.jpg;
overcast-reference/rear/1417177821443708.jpg;night-rain/rear/1418841346653791.jpg;
overcast-reference/rear/1417176967382293.jpg;night-rain/rear/1418840676861485.jpg;
overcast-reference/rear/1417176931296517.jpg;night-rain/rear/1418840648989932.jpg;
overcast-reference/rear/1417178379183355.jpg;night-rain/rear/1418841677613022.jpg;
overcast-reference/rear/1417177088728777.jpg;night-rain/rear/1418840761725990.jpg;
overcast-reference/rear/1417177168535760.jpg;night-rain/rear/1418840817469100.jpg;
overcast-reference/rear/1417176587708788.jpg;night-rain/rear/1418840406894916.jpg;
overcast-reference/rear/1417177441042689.jpg;night-rain/rear/1418842097186401.jpg;
overcast-reference/rear/1417176931296517.jpg;night-rain/rear/1418840648864949.jpg;
overcast-reference/rear/1417178639873964.jpg;night-rain/rear/1418841890711795.jpg;
overcast-reference/rear/1417177439951967.jpg;night-rain/rear/1418842096311508.jpg;
overcast-reference/rear/1417176932296376.jpg;night-rain/rear/1418840649739838.jpg;
overcast-reference/rear/1417177479582755.jpg;night-rain/rear/1418841154177526.jpg;
overcast-reference/rear/1417177301153296.jpg;night-rain/rear/1418840932704864.jpg;
overcast-reference/rear/1417176967836729.jpg;night-rain/rear/1418840677611392.jpg;
overcast-reference/rear/1417178468261706.jpg;night-rain/rear/1418841708234252.jpg;
overcast-reference/rear/1417177646650081.jpg;night-rain/rear/1418841310783214.jpg;
overcast-reference/rear/1417177405956761.jpg;night-rain/rear/1418842065440303.jpg;
overcast-reference/rear/1417177648286226.jpg;night-rain/rear/1418841312158043.jpg;
overcast-reference/rear/1417177506942523.jpg;night-rain/rear/1418841182174074.jpg;
overcast-reference/rear/1417177578932373.jpg;night-rain/rear/1418841246541134.jpg;
overcast-reference/rear/1417176615250256.jpg;night-rain/rear/1418840420393242.jpg;
overcast-reference/rear/1417178789671168.jpg;night-rain/rear/1418842033444238.jpg;
overcast-reference/rear/1417177948971126.jpg;night-rain/rear/1418841390898338.jpg;
overcast-reference/rear/1417177922429489.jpg;night-rain/rear/1418841378899817.jpg;
overcast-reference/rear/1417177965332448.jpg;night-rain/rear/1418841403521780.jpg;
overcast-reference/rear/1417177964787151.jpg;night-rain/rear/1418841403021844.jpg;
overcast-reference/rear/1417177000377631.jpg;night-rain/rear/1418840702733284.jpg;
overcast-reference/rear/1417177089092352.jpg;night-rain/rear/1418840762225929.jpg;
overcast-reference/rear/1417177613018444.jpg;night-rain/rear/1418841280037004.jpg;
overcast-reference/rear/1417178699229248.jpg;night-rain/rear/1418841951704292.jpg;
overcast-reference/rear/1417176933477957.jpg;night-rain/rear/1418840650364763.jpg;
overcast-reference/rear/1417177068004454.jpg;night-rain/rear/1418840745103045.jpg;
overcast-reference/rear/1417176798406186.jpg;night-rain/rear/1418840545502742.jpg;
overcast-reference/rear/1417177272884659.jpg;night-rain/rear/1418840908957797.jpg;
overcast-reference/rear/1417178590971711.jpg;night-rain/rear/1418841843217640.jpg;
overcast-reference/rear/1417176982652886.jpg;night-rain/rear/1418840690234831.jpg;
overcast-reference/rear/1417177405138627.jpg;night-rain/rear/1418841081811456.jpg;
overcast-reference/rear/1417176932296376.jpg;night-rain/rear/1418840649989809.jpg;
overcast-reference/rear/1417178551341029.jpg;night-rain/rear/1418841824094993.jpg;
overcast-reference/rear/1417178638237818.jpg;night-rain/rear/1418841889336964.jpg;
overcast-reference/rear/1417177301153296.jpg;night-rain/rear/1418840932329910.jpg;
overcast-reference/rear/1417177579114100.jpg;night-rain/rear/1418841247041073.jpg;
overcast-reference/rear/1417176967473155.jpg;night-rain/rear/1418840676986470.jpg;
overcast-reference/rear/1417177821170996.jpg;night-rain/rear/1418841346403822.jpg;
overcast-reference/rear/1417176908208780.jpg;night-rain/rear/1418840625492840.jpg;
overcast-reference/rear/1417177425681231.jpg;night-rain/rear/1418841098684374.jpg;
overcast-reference/rear/1417177273339096.jpg;night-rain/rear/1418840909207766.jpg;
overcast-reference/rear/1417178269198821.jpg;night-rain/rear/1418841662114930.jpg;
overcast-reference/rear/1417177579568660.jpg;night-rain/rear/1418841247416026.jpg;
overcast-reference/rear/1417177168172061.jpg;night-rain/rear/1418840817219131.jpg;
overcast-reference/rear/1417177426408377.jpg;night-rain/rear/1418841099059327.jpg;
overcast-reference/rear/1417177648104376.jpg;night-rain/rear/1418841312033059.jpg;
overcast-reference/rear/1417177089728637.jpg;night-rain/rear/1418840762725867.jpg;
overcast-reference/rear/1417177964241727.jpg;night-rain/rear/1418841402646891.jpg;
overcast-reference/rear/1417177593748412.jpg;night-rain/rear/1418841262414177.jpg;
overcast-reference/rear/1417177921793202.jpg;night-rain/rear/1418841378399878.jpg;
overcast-reference/rear/1417178028232719.jpg;night-rain/rear/1418841595623116.jpg;
overcast-reference/rear/1417178799578777.jpg;night-rain/rear/1418842064690396.jpg;
overcast-reference/rear/1417176920025361.jpg;night-rain/rear/1418840637366371.jpg;
overcast-reference/rear/1417178590789987.jpg;night-rain/rear/1418841843092655.jpg;
overcast-reference/rear/1417177922611213.jpg;night-rain/rear/1418841379024802.jpg;
overcast-reference/rear/1417176698329479.jpg;night-rain/rear/1418840498133609.jpg;
overcast-reference/rear/1417177167899474.jpg;night-rain/rear/1418840816969162.jpg;
overcast-reference/rear/1417177647377229.jpg;night-rain/rear/1418841311283152.jpg;
overcast-reference/rear/1417178590971711.jpg;night-rain/rear/1418841843467609.jpg;
overcast-reference/rear/1417177426044803.jpg;night-rain/rear/1418842082438214.jpg;
overcast-reference/rear/1417177612382159.jpg;night-rain/rear/1418841279537066.jpg;
overcast-reference/rear/1417177964423576.jpg;night-rain/rear/1418841402896859.jpg;
overcast-reference/rear/1417176908572476.jpg;night-rain/rear/1418840625992778.jpg;
overcast-reference/rear/1417177630561473.jpg;night-rain/rear/1418841295535093.jpg;
overcast-reference/rear/1417178854207479.jpg;night-rain/rear/1418842133556930.jpg;
overcast-reference/rear/1417177478492034.jpg;night-rain/rear/1418841152802696.jpg;
overcast-reference/rear/1417176931114669.jpg;night-rain/rear/1418840648739964.jpg;
overcast-reference/rear/1417178799397053.jpg;night-rain/rear/1418842064440427.jpg;
overcast-reference/rear/1417177405320478.jpg;night-rain/rear/1418841081936440.jpg;
overcast-reference/rear/1417178638237818.jpg;night-rain/rear/1418841889586934.jpg;
overcast-reference/rear/1417177478673758.jpg;night-rain/rear/1418841152552725.jpg;
overcast-reference/rear/1417177425681231.jpg;night-rain/rear/1418841098559388.jpg;
overcast-reference/rear/1417177480764339.jpg;night-rain/rear/1418841154802449.jpg;
overcast-reference/rear/1417177611927722.jpg;night-rain/rear/1418841279162112.jpg;
overcast-reference/rear/1417176907845206.jpg;night-rain/rear/1418840625117886.jpg;
overcast-reference/rear/1417177404866042.jpg;night-rain/rear/1418841081561487.jpg;
overcast-reference/rear/1417178590244562.jpg;night-rain/rear/1418841842842686.jpg;
overcast-reference/rear/1417177440497390.jpg;night-rain/rear/1418841111432800.jpg;
overcast-reference/rear/1417176615522966.jpg;night-rain/rear/1418840420518226.jpg;
overcast-reference/rear/1417177425681231.jpg;night-rain/rear/1418842082188245.jpg;
overcast-reference/rear/1417177405774913.jpg;night-rain/rear/1418841082436378.jpg;
overcast-reference/rear/1417178743132207.jpg;night-rain/rear/1418841981075679.jpg;
overcast-reference/rear/1417177440679116.jpg;night-rain/rear/1418842097061416.jpg;
overcast-reference/rear/1417177068186179.jpg;night-rain/rear/1418840745228030.jpg;
overcast-reference/rear/1417177593930260.jpg;night-rain/rear/1418841262914116.jpg;
overcast-reference/rear/1417177002195498.jpg;night-rain/rear/1418840703733161.jpg;
overcast-reference/rear/1417178816394665.jpg;night-rain/rear/1418842083188122.jpg;
overcast-reference/rear/1417176919389076.jpg;night-rain/rear/1418840636866433.jpg;
overcast-reference/rear/1417177647559078.jpg;night-rain/rear/1418841311533121.jpg;
overcast-reference/rear/1417178552159041.jpg;night-rain/rear/1418841824969885.jpg;
overcast-reference/rear/1417177593203113.jpg;night-rain/rear/1418841262164208.jpg;
overcast-reference/rear/1417177631197759.jpg;night-rain/rear/1418841296285001.jpg;
overcast-reference/rear/1417176697238632.jpg;night-rain/rear/1418840497508686.jpg;
overcast-reference/rear/1417177964241727.jpg;night-rain/rear/1418841402521906.jpg;
overcast-reference/rear/1417177505124529.jpg;night-rain/rear/1418841180424289.jpg;
overcast-reference/rear/1417177479764479.jpg;night-rain/rear/1418841153552604.jpg;
overcast-reference/rear/1417177426135663.jpg;night-rain/rear/1418841099184312.jpg;
overcast-reference/rear/1417178028959868.jpg;night-rain/rear/1418841595873086.jpg;
overcast-reference/rear/1417178854116616.jpg;night-rain/rear/1418842133431946.jpg;
overcast-reference/rear/1417177578659663.jpg;night-rain/rear/1418841246416150.jpg;
overcast-reference/rear/1417177948334841.jpg;night-rain/rear/1418841390148431.jpg;
overcast-reference/rear/1417177405774913.jpg;night-rain/rear/1418842065315320.jpg;
overcast-reference/rear/1417177068549876.jpg;night-rain/rear/1418840745602983.jpg;
overcast-reference/rear/1417177506669812.jpg;night-rain/rear/1418841181799117.jpg;
overcast-reference/rear/1417177030464256.jpg;night-rain/rear/1418840729479977.jpg;
overcast-reference/rear/1417177948698413.jpg;night-rain/rear/1418841390273416.jpg;
overcast-reference/rear/1417176933023523.jpg;night-rain/rear/1418840650114793.jpg;
overcast-reference/rear/1417177000377631.jpg;night-rain/rear/1418840702358331.jpg;
overcast-reference/rear/1417177478673758.jpg;night-rain/rear/1418841153052665.jpg;
overcast-reference/rear/1417178009508106.jpg;night-rain/rear/1418841610121330.jpg;
overcast-reference/rear/1417177439679257.jpg;night-rain/rear/1418842096061540.jpg;
overcast-reference/rear/1417177631015907.jpg;night-rain/rear/1418841295910047.jpg;
overcast-reference/rear/1417177298790004.jpg;night-rain/rear/1418840930080188.jpg;
overcast-reference/rear/1417178011962261.jpg;night-rain/rear/1418841610246316.jpg;
overcast-reference/rear/1417177300335286.jpg;night-rain/rear/1418840931704987.jpg;
overcast-reference/rear/1417178639055954.jpg;night-rain/rear/1418841889961888.jpg;
overcast-reference/rear/1417176587981499.jpg;night-rain/rear/1418840407269869.jpg;
overcast-reference/rear/1417176799133333.jpg;night-rain/rear/1418840546002680.jpg;
overcast-reference/rear/1417178742677768.jpg;night-rain/rear/1418841980450756.jpg;
overcast-reference/rear/1417177440497390.jpg;night-rain/rear/1418841111682769.jpg;
overcast-reference/rear/1417178853843903.jpg;night-rain/rear/1418842133181977.jpg;
overcast-reference/rear/1417177273702669.jpg;night-rain/rear/1418840909582717.jpg;
overcast-reference/rear/1417177405229614.jpg;night-rain/rear/1418841082061424.jpg;
overcast-reference/rear/1417178468716269.jpg;night-rain/rear/1418841708859176.jpg;
overcast-reference/rear/1417177089455924.jpg;night-rain/rear/1418840762350914.jpg;
overcast-reference/rear/1417177948971126.jpg;night-rain/rear/1418841390523384.jpg;
overcast-reference/rear/1417176981834751.jpg;night-rain/rear/1418840689484924.jpg;
overcast-reference/rear/1417177563207341.jpg;night-rain/rear/1418841231418000.jpg;
overcast-reference/rear/1417178743132207.jpg;night-rain/rear/1418841980950694.jpg;
overcast-reference/rear/1417178028959868.jpg;night-rain/rear/1418841594623241.jpg;
overcast-reference/rear/1417177166990477.jpg;night-rain/rear/1418840816469224.jpg;
overcast-reference/rear/1417178009053544.jpg;night-rain/rear/1418841609996348.jpg;
overcast-reference/rear/1417177001831924.jpg;night-rain/rear/1418840703233223.jpg;
overcast-reference/rear/1417177439861106.jpg;night-rain/rear/1418842096186524.jpg;
overcast-reference/rear/1417176967382293.jpg;night-rain/rear/1418840677111454.jpg;
overcast-reference/rear/1417177441042689.jpg;night-rain/rear/1418841111807754.jpg;
overcast-reference/rear/1417178799760626.jpg;night-rain/rear/1418842064940365.jpg;
overcast-reference/rear/1417176788407600.jpg;night-rain/rear/1418840535878934.jpg;
overcast-reference/rear/1417177506942523.jpg;night-rain/rear/1418841181924104.jpg;
overcast-reference/rear/1417178742859493.jpg;night-rain/rear/1418841980700724.jpg;
overcast-reference/rear/1417177197531668.jpg;night-rain/rear/1418840841841088.jpg;
overcast-reference/rear/1417177274157104.jpg;night-rain/rear/1418840909832687.jpg;
overcast-reference/rear/1417178853571193.jpg;night-rain/rear/1418842132807023.jpg;
overcast-reference/rear/1417177439497532.jpg;night-rain/rear/1418841110682894.jpg;
overcast-reference/rear/1417178379183355.jpg;night-rain/rear/1418841677238068.jpg;
overcast-reference/rear/1417177612109449.jpg;night-rain/rear/1418841279412082.jpg;
overcast-reference/rear/1417177440315542.jpg;night-rain/rear/1418842096686463.jpg;
overcast-reference/rear/1417177579114100.jpg;night-rain/rear/1418841247291042.jpg;
overcast-reference/rear/1417176954293266.jpg;night-rain/rear/1418840663863092.jpg;
overcast-reference/rear/1417177197531668.jpg;night-rain/rear/1418840841716104.jpg;
overcast-reference/rear/1417178552704464.jpg;night-rain/rear/1418841825469824.jpg;
overcast-reference/rear/1417177964968875.jpg;night-rain/rear/1418841403146829.jpg;
overcast-reference/rear/1417177029737108.jpg;night-rain/rear/1418840728980039.jpg;
overcast-reference/rear/1417178853843903.jpg;night-rain/rear/1418842133056992.jpg;
overcast-reference/rear/1417178799397053.jpg;night-rain/rear/1418842064565411.jpg;
overcast-reference/rear/1417176697238632.jpg;night-rain/rear/1418840497633671.jpg;
overcast-reference/rear/1417177002559198.jpg;night-rain/rear/1418840703983130.jpg;
overcast-reference/rear/1417178591607997.jpg;night-rain/rear/1418841843967548.jpg;
overcast-reference/rear/1417176954929552.jpg;night-rain/rear/1418840664363031.jpg;
overcast-reference/rear/1417177820625573.jpg;night-rain/rear/1418841345903884.jpg;
overcast-reference/rear/1417176787862176.jpg;night-rain/rear/1418840535503980.jpg;
overcast-reference/rear/1417176616068390.jpg;night-rain/rear/1418840421018164.jpg;
overcast-reference/rear/1417177505579091.jpg;night-rain/rear/1418841180924227.jpg;
overcast-reference/rear/1417177921611354.jpg;night-rain/rear/1418841378274894.jpg;
overcast-reference/rear/1417176697511345.jpg;night-rain/rear/1418840497883640.jpg;
overcast-reference/rear/1417177088728777.jpg;night-rain/rear/1418840761850975.jpg;
overcast-reference/rear/1417177069549736.jpg;night-rain/rear/1418840746727844.jpg;
overcast-reference/rear/1417178027051009.jpg;night-rain/rear/1418841594873210.jpg;
overcast-reference/rear/1417178551522755.jpg;night-rain/rear/1418841824219976.jpg;
overcast-reference/rear/1417176982016599.jpg;night-rain/rear/1418840689609908.jpg;
overcast-reference/rear/1417176932023665.jpg;night-rain/rear/1418840649489871.jpg;
overcast-reference/rear/1417177002922770.jpg;night-rain/rear/1418840704358084.jpg;
overcast-reference/rear/1417177479764479.jpg;night-rain/rear/1418841153302634.jpg;
overcast-reference/rear/1417178551704603.jpg;night-rain/rear/1418841824469947.jpg;
overcast-reference/rear/1417178789125745.jpg;night-rain/rear/1418842032694330.jpg;
overcast-reference/rear/1417178590971711.jpg;night-rain/rear/1418841843592594.jpg;
overcast-reference/rear/1417176788498462.jpg;night-rain/rear/1418840536003917.jpg;
overcast-reference/rear/1417177529666569.jpg;night-rain/rear/1418841202921514.jpg;
overcast-reference/rear/1417176954656841.jpg;night-rain/rear/1418840664113062.jpg;
overcast-reference/rear/1417177002195498.jpg;night-rain/rear/1418840703483192.jpg;
overcast-reference/rear/1417178639055954.jpg;night-rain/rear/1418841890211857.jpg;
overcast-reference/rear/1417177068913451.jpg;night-rain/rear/1418840746102922.jpg;
overcast-reference/rear/1417177300607998.jpg;night-rain/rear/1418840931954956.jpg;
overcast-reference/rear/1417177029100823.jpg;night-rain/rear/1418840728730070.jpg;
overcast-reference/rear/1417177273702669.jpg;night-rain/rear/1418840909707702.jpg;
overcast-reference/rear/1417176696784198.jpg;night-rain/rear/1418840497383702.jpg;
overcast-reference/rear/1417177166990477.jpg;night-rain/rear/1418840816219254.jpg;
overcast-reference/rear/1417177405774913.jpg;night-rain/rear/1418842065190335.jpg;
overcast-reference/rear/1417176920025361.jpg;night-rain/rear/1418840637616340.jpg;
overcast-reference/rear/1417176955202137.jpg;night-rain/rear/1418840664613009.jpg;
overcast-reference/rear/1417178204026113.jpg;night-rain/rear/1418841676738129.jpg;
overcast-reference/rear/1417177528848559.jpg;night-rain/rear/1418841201921637.jpg;
overcast-reference/rear/1417177562934629.jpg;night-rain/rear/1418841231168031.jpg;
overcast-reference/rear/1417176697874919.jpg;night-rain/rear/1418840498008623.jpg;
overcast-reference/rear/1417178270107817.jpg;night-rain/rear/1418841662489884.jpg;
overcast-reference/rear/1417177278338389.jpg;night-rain/rear/1418841594748225.jpg;
overcast-reference/rear/1417178816303802.jpg;night-rain/rear/1418841099434281.jpg;
overcast-reference/rear/1417178591607997.jpg;night-rain/rear/1418841843717578.jpg;
overcast-reference/rear/1417176908299767.jpg;night-rain/rear/1418840625617825.jpg;
overcast-reference/rear/1417177029737108.jpg;night-rain/rear/1418840728855054.jpg;
overcast-reference/rear/1417177440315542.jpg;night-rain/rear/1418841111307816.jpg;
overcast-reference/rear/1417178640146676.jpg;night-rain/rear/1418841890961765.jpg;
overcast-reference/rear/1417177165990619.jpg;night-rain/rear/1418840815469348.jpg;
overcast-reference/rear/1417177613382019.jpg;night-rain/rear/1418841280536942.jpg;
overcast-reference/rear/1417178268017113.jpg;night-rain/rear/1418841661739976.jpg;
overcast-reference/rear/1417176615250256.jpg;night-rain/rear/1418840420268258.jpg;
overcast-reference/rear/1417177273520943.jpg;night-rain/rear/1418840909332750.jpg;
overcast-reference/rear/1417176919843510.jpg;night-rain/rear/1418840637241387.jpg;
overcast-reference/rear/1417177648104376.jpg;night-rain/rear/1418841311908074.jpg;
overcast-reference/rear/1417177197986102.jpg;night-rain/rear/1418840842216042.jpg;
overcast-reference/rear/1417177197440681.jpg;night-rain/rear/1418840841591120.jpg;
overcast-reference/rear/1417178270107817.jpg;night-rain/rear/1418841662364899.jpg;
overcast-reference/rear/1417176920116223.jpg;night-rain/rear/1418840637491355.jpg;
overcast-reference/rear/1417178028959868.jpg;night-rain/rear/1418841595248164.jpg;
overcast-reference/rear/1417177630379624.jpg;night-rain/rear/1418841295285124.jpg;
overcast-reference/rear/1417177948971126.jpg;night-rain/rear/1418841390773353.jpg;
overcast-reference/rear/1417176954838565.jpg;night-rain/rear/1418840664238046.jpg;
overcast-reference/rear/1417176586981641.jpg;night-rain/rear/1418840405770055.jpg;
overcast-reference/rear/1417177529121146.jpg;night-rain/rear/1418841202171607.jpg;
overcast-reference/rear/1417178469170705.jpg;night-rain/rear/1418841709484098.jpg;
overcast-reference/rear/1417177630016049.jpg;night-rain/rear/1418841295160139.jpg;
overcast-reference/rear/1417177578568801.jpg;night-rain/rear/1418841246291165.jpg;
overcast-reference/rear/1417176798951608.jpg;night-rain/rear/1418840545877695.jpg;
overcast-reference/rear/1417177647377229.jpg;night-rain/rear/1418841311158167.jpg;
overcast-reference/rear/1417177593475825.jpg;night-rain/rear/1418841262289192.jpg;
overcast-reference/rear/1417177185624221.jpg;night-rain/rear/1418840830592478.jpg;
overcast-reference/rear/1417178742950357.jpg;night-rain/rear/1418841980825709.jpg;
overcast-reference/rear/1417178698774813.jpg;night-rain/rear/1418841951204353.jpg;
overcast-reference/rear/1417177612745734.jpg;night-rain/rear/1418841279912019.jpg;
overcast-reference/rear/1417176787771315.jpg;night-rain/rear/1418840535753949.jpg;
overcast-reference/rear/1417177563389065.jpg;night-rain/rear/1418841231667969.jpg;
overcast-reference/rear/1417177089728637.jpg;night-rain/rear/1418840762850851.jpg;
overcast-reference/rear/1417177529121146.jpg;night-rain/rear/1418841202296591.jpg;
overcast-reference/rear/1417177000377631.jpg;night-rain/rear/1418840702233346.jpg;
overcast-reference/rear/1417177528666710.jpg;night-rain/rear/1418841201796652.jpg;
overcast-reference/rear/1417178854389329.jpg;night-rain/rear/1418842133681915.jpg;
overcast-reference/rear/1417178816303802.jpg;night-rain/rear/1418841099309297.jpg;
overcast-reference/rear/1417177529939281.jpg;night-rain/rear/1418841203296468.jpg;
overcast-reference/rear/1417177088910627.jpg;night-rain/rear/1418840762100944.jpg;
overcast-reference/rear/1417177030282531.jpg;night-rain/rear/1418840729354993.jpg;
overcast-reference/rear/1417177647740803.jpg;night-rain/rear/1418841311658106.jpg;
overcast-reference/rear/1417178799578777.jpg;night-rain/rear/1418842064815381.jpg;
overcast-reference/rear/1417177405593189.jpg;night-rain/rear/1418841082186409.jpg;
overcast-reference/rear/1417176615522966.jpg;night-rain/rear/1418840420643211.jpg;
overcast-reference/rear/1417177921974927.jpg;night-rain/rear/1418841378524863.jpg;
overcast-reference/rear/1417177820625573.jpg;night-rain/rear/1418841346028868.jpg;
overcast-reference/rear/1417176954384128.jpg;night-rain/rear/1418840663738108.jpg;
overcast-reference/rear/1417178204480672.jpg;night-rain/rear/1418841676363176.jpg;
overcast-reference/rear/1417176919389076.jpg;night-rain/rear/1418840636741449.jpg;
overcast-reference/rear/1417177069186036.jpg;night-rain/rear/1418840746352891.jpg;
overcast-reference/rear/1417177030100683.jpg;night-rain/rear/1418840729230008.jpg;
overcast-reference/rear/1417177069731460.jpg;night-rain/rear/1418840746852829.jpg;
overcast-reference/rear/1417177965150722.jpg;night-rain/rear/1418841403271814.jpg;
overcast-reference/rear/1417178379183355.jpg;night-rain/rear/1418841677363052.jpg;
overcast-reference/rear/1417176933023523.jpg;night-rain/rear/1418840650489748.jpg;
overcast-reference/rear/1417178268835248.jpg;night-rain/rear/1418841661989946.jpg;
overcast-reference/rear/1417177505306378.jpg;night-rain/rear/1418841180674258.jpg;
overcast-reference/rear/1417178204026113.jpg;night-rain/rear/1418841676488160.jpg;
overcast-reference/rear/1417177922065790.jpg;night-rain/rear/1418841378649847.jpg;
overcast-reference/rear/1417178698956538.jpg;night-rain/rear/1418841951329338.jpg;
overcast-reference/rear/1417176907845206.jpg;night-rain/rear/1418840625242871.jpg;
overcast-reference/rear/1417176798951608.jpg;night-rain/rear/1418840545627727.jpg;
overcast-reference/rear/1417178009962541.jpg;night-rain/rear/1418841610746255.jpg;
overcast-reference/rear/1417178698774813.jpg;night-rain/rear/1418841951079368.jpg;
overcast-reference/rear/1417177274338954.jpg;night-rain/rear/1418840909957672.jpg;
overcast-reference/rear/1417178379183355.jpg;night-rain/rear/1418841677738007.jpg;
overcast-reference/rear/1417177068731601.jpg;night-rain/rear/1418840745727968.jpg;
overcast-reference/rear/1417177405593189.jpg;night-rain/rear/1418841082311394.jpg;
overcast-reference/rear/1417178029141715.jpg;night-rain/rear/1418841595373148.jpg;
overcast-reference/rear/1417176931750953.jpg;night-rain/rear/1418840649239902.jpg;
overcast-reference/rear/1417176615975778.jpg;night-rain/rear/1418840420893180.jpg;
overcast-reference/rear/1417178012144110.jpg;night-rain/rear/1418841610371301.jpg;
overcast-reference/rear/1417178789398457.jpg;night-rain/rear/1418842033069284.jpg;
overcast-reference/rear/1417178378819782.jpg;night-rain/rear/1418841677113083.jpg;
overcast-reference/rear/1417176908481490.jpg;night-rain/rear/1418840625742809.jpg;
overcast-reference/rear/1417177480764339.jpg;night-rain/rear/1418841154552480.jpg;
overcast-reference/rear/1417177594566544.jpg;night-rain/rear/1418841263164097.jpg;
overcast-reference/rear/1417177088547051.jpg;night-rain/rear/1418840761601006.jpg;
overcast-reference/rear/1417177068913451.jpg;night-rain/rear/1418840745977938.jpg;
overcast-reference/rear/1417177426135663.jpg;night-rain/rear/1418842082563199.jpg;
overcast-reference/rear/1417177922247638.jpg;night-rain/rear/1418841378774832.jpg;
overcast-reference/rear/1417176920116223.jpg;night-rain/rear/1418840637741323.jpg;
overcast-reference/rear/1417178550977332.jpg;night-rain/rear/1418841823595054.jpg;
overcast-reference/rear/1417177198076966.jpg;night-rain/rear/1418840842466011.jpg;
overcast-reference/rear/1417177631015907.jpg;night-rain/rear/1418841295785077.jpg;
overcast-reference/rear/1417178853934765.jpg;night-rain/rear/1418842133306961.jpg;
overcast-reference/rear/1417178853480330.jpg;night-rain/rear/1418842132682038.jpg;
overcast-reference/rear/1417177506215374.jpg;night-rain/rear/1418841181549150.jpg;
overcast-reference/rear/1417176787862176.jpg;night-rain/rear/1418840535378996.jpg;
overcast-reference/rear/1417176954929552.jpg;night-rain/rear/1418840664488015.jpg;
overcast-reference/rear/1417177529302995.jpg;night-rain/rear/1418841202546561.jpg;
overcast-reference/rear/1417176697238632.jpg;night-rain/rear/1418840497758655.jpg;
overcast-reference/rear/1417178853571193.jpg;night-rain/rear/1418842132932007.jpg;
overcast-reference/rear/1417177028919098.jpg;night-rain/rear/1418840728480101.jpg;
overcast-reference/rear/1417176615522966.jpg;night-rain/rear/1418840420768196.jpg;
overcast-reference/rear/1417177529666569.jpg;night-rain/rear/1418841203046497.jpg;
overcast-reference/rear/1417177439679257.jpg;night-rain/rear/1418841110807877.jpg;
overcast-reference/rear/1417177068913451.jpg;night-rain/rear/1418840746477876.jpg;
overcast-reference/rear/1417178789034883.jpg;night-rain/rear/1418842032819313.jpg;
overcast-reference/rear/1417177167626763.jpg;night-rain/rear/1418840816719191.jpg;
overcast-reference/rear/1417177440133693.jpg;night-rain/rear/1418842096561479.jpg;
overcast-reference/rear/1417178637965108.jpg;night-rain/rear/1418841889086996.jpg;
overcast-reference/rear/1417178699138387.jpg;night-rain/rear/1418841951579317.jpg;
overcast-reference/rear/1417177273157245.jpg;night-rain/rear/1418840909082780.jpg;
overcast-reference/rear/1417177299062714.jpg;night-rain/rear/1418840930830095.jpg;
overcast-reference/rear/1417177564025349.jpg;night-rain/rear/1418841232167908.jpg;
overcast-reference/rear/1417178789489319.jpg;night-rain/rear/1418842033194268.jpg;
overcast-reference/rear/1417178267199103.jpg;night-rain/rear/1418841661365022.jpg;
overcast-reference/rear/1417176799224195.jpg;night-rain/rear/1418840546127665.jpg;
overcast-reference/rear/1417177528484986.jpg;night-rain/rear/1418841201671668.jpg;
overcast-reference/rear/1417177504851941.jpg;night-rain/rear/1418841180299304.jpg;
overcast-reference/rear/1417177646468357.jpg;night-rain/rear/1418841310658229.jpg;
overcast-reference/rear/1417178267199103.jpg;night-rain/rear/1418841661490007.jpg;
overcast-reference/rear/1417177280247244.jpg;night-rain/rear/1418841595748103.jpg;
overcast-reference/rear/1417178816212816.jpg;night-rain/rear/1418842082938153.jpg;
overcast-reference/rear/1417177299789863.jpg;night-rain/rear/1418840931205049.jpg;
overcast-reference/rear/1417177922611213.jpg;night-rain/rear/1418841379149786.jpg;
overcast-reference/rear/1417177612382159.jpg;night-rain/rear/1418841279662051.jpg;
overcast-reference/rear/1417177440133693.jpg;night-rain/rear/1418841111057847.jpg;
overcast-reference/rear/1417176696238776.jpg;night-rain/rear/1418840497258718.jpg;
overcast-reference/rear/1417177426135663.jpg;night-rain/rear/1418842082688184.jpg;
overcast-reference/rear/1417176788044026.jpg;night-rain/rear/1418840535628964.jpg;
overcast-reference/rear/1417177611564151.jpg;night-rain/rear/1418841279037128.jpg;
overcast-reference/rear/1417178788671309.jpg;night-rain/rear/1418840497008749.jpg;
overcast-reference/rear/1417177613018444.jpg;night-rain/rear/1418841280161988.jpg;
overcast-reference/rear/1417177630834182.jpg;night-rain/rear/1418841295660078.jpg;
overcast-reference/rear/1417178591789844.jpg;night-rain/rear/1418841844092532.jpg;
overcast-reference/rear/1417176587254227.jpg;night-rain/rear/1418840406394977.jpg;
overcast-reference/rear/1417178799851487.jpg;night-rain/rear/1418842065065350.jpg;
overcast-reference/rear/1417177479764479.jpg;night-rain/rear/1418841153927557.jpg;
overcast-reference/rear/1417177439861106.jpg;night-rain/rear/1418841110932862.jpg;
overcast-reference/rear/1417177028919098.jpg;night-rain/rear/1418840728605085.jpg;
overcast-reference/rear/1417178639601252.jpg;night-rain/rear/1418841890461826.jpg;
overcast-reference/rear/1417176931750953.jpg;night-rain/rear/1418840649364886.jpg;
overcast-reference/rear/1417176587163363.jpg;night-rain/rear/1418840406269992.jpg;
overcast-reference/rear/1417178468897994.jpg;night-rain/rear/1418841709109145.jpg;
overcast-reference/rear/1417177089455924.jpg;night-rain/rear/1418840762475897.jpg;
overcast-reference/rear/1417177197622528.jpg;night-rain/rear/1418840841966073.jpg;
overcast-reference/rear/1417177440315542.jpg;night-rain/rear/1418841111182831.jpg;
overcast-reference/rear/1417176967382293.jpg;night-rain/rear/1418840677236439.jpg;
overcast-reference/rear/1417176954020556.jpg;night-rain/rear/1418840663988077.jpg;
overcast-reference/rear/1417177506033525.jpg;night-rain/rear/1418841181299181.jpg;
overcast-reference/rear/1417176919389076.jpg;night-rain/rear/1418840637116402.jpg;
overcast-reference/rear/1417177821807282.jpg;night-rain/rear/1418841347028745.jpg;
overcast-reference/rear/1417177964059878.jpg;night-rain/rear/1418841402396921.jpg;
overcast-reference/rear/1417177166990477.jpg;night-rain/rear/1418840815969285.jpg;
overcast-reference/rear/1417176982562024.jpg;night-rain/rear/1418840689984862.jpg;
overcast-reference/rear/1417178816303802.jpg;night-rain/rear/1418842083063137.jpg;
overcast-reference/rear/1417178551159180.jpg;night-rain/rear/1418841823845023.jpg;
overcast-reference/rear/1417176696238776.jpg;night-rain/rear/1418840497133733.jpg;
overcast-reference/rear/1417178204480672.jpg;night-rain/rear/1418841676863114.jpg;
overcast-reference/rear/1417178027960009.jpg;night-rain/rear/1418841595123179.jpg;
overcast-reference/rear/1417176907936195.jpg;night-rain/rear/1418840625367856.jpg;
overcast-reference/rear/1417176966836867.jpg;night-rain/rear/1418840676611516.jpg;
overcast-reference/rear/1417176587163363.jpg;night-rain/rear/1418840406020022.jpg;
overcast-reference/rear/1417177068186179.jpg;night-rain/rear/1418840745353014.jpg;
overcast-reference/rear/1417177948698413.jpg;night-rain/rear/1418841390398400.jpg;
overcast-reference/rear/1417177820989146.jpg;night-rain/rear/1418841346278838.jpg;
overcast-reference/rear/1417177425863079.jpg;night-rain/rear/1418841098809358.jpg;
overcast-reference/rear/1417177563843623.jpg;night-rain/rear/1418841232042922.jpg;
overcast-reference/rear/1417177593930260.jpg;night-rain/rear/1418841262789131.jpg;
overcast-reference/rear/1417177562934629.jpg;night-rain/rear/1418841231293015.jpg;
overcast-reference/rear/1417176907663483.jpg;night-rain/rear/1418840624867918.jpg;
overcast-reference/rear/1417176966927858.jpg;night-rain/rear/1418840676736500.jpg;
overcast-reference/rear/1417177404866042.jpg;night-rain/rear/1418841081686471.jpg;
overcast-reference/rear/1417178268380812.jpg;night-rain/rear/1418841661864961.jpg;
overcast-reference/rear/1417178698047666.jpg;night-rain/rear/1418841950329461.jpg;
overcast-reference/rear/1417178468170846.jpg;night-rain/rear/1418841707984291.jpg;
overcast-reference/rear/1417177166354193.jpg;night-rain/rear/1418840815719316.jpg;
overcast-reference/rear/1417177593748412.jpg;night-rain/rear/1418841262539162.jpg;
overcast-reference/rear/1417177300062573.jpg;night-rain/rear/1418840931455018.jpg;
overcast-reference/rear/1417177578932373.jpg;night-rain/rear/1418841246791104.jpg;
overcast-reference/rear/1417177948971126.jpg;night-rain/rear/1418841390648369.jpg;
overcast-reference/rear/1417176982380174.jpg;night-rain/rear/1418840689859877.jpg;
overcast-reference/rear/1417178698502101.jpg;night-rain/rear/1418841950704415.jpg;
overcast-reference/rear/1417178591607997.jpg;night-rain/rear/1418841843842563.jpg;
overcast-reference/rear/1417177630379624.jpg;night-rain/rear/1418841295410109.jpg;
overcast-reference/rear/1417178590971711.jpg;night-rain/rear/1418841843342625.jpg;
overcast-reference/rear/1417178468443558.jpg;night-rain/rear/1418841708359237.jpg;
overcast-reference/rear/1417178013689267.jpg;night-rain/rear/1418841610496285.jpg;
overcast-reference/rear/1417176799315182.jpg;night-rain/rear/1418840546252649.jpg;
overcast-reference/rear/1417178468988856.jpg;night-rain/rear/1418841709234130.jpg;
overcast-reference/rear/1417178742405057.jpg;night-rain/rear/1418841980575740.jpg;
